account_id,created_at,device_id,ip_region,display_name,status,risk_score,campaign_id
ACC-000001,2021-08-29,DEV-0067,South-East-Asia,Allison Hill,active,0.0421,
ACC-000002,2024-02-10,DEV-0068,India-South,Noah Rhodes,active,0.1343,
ACC-000003,2025-12-01,DEV-0069,South-East-Asia,Angie Henderson,active,0.174,
ACC-000004,2023-11-24,DEV-0070,Middle-East,Daniel Wagner,active,0.1193,
ACC-000005,2026-05-28,DEV-0001,India-West,Cristian Santos,suspended,0.2824,CAMP-001
ACC-000006,2022-01-03,DEV-0071,Europe-Central,Connie Lawrence,active,0.1285,
ACC-000007,2024-12-28,DEV-0032,US-East,Abigail Shaffer,banned,0.2168,CAMP-009
ACC-000008,2025-04-15,DEV-0072,Europe-Central,Gina Moore,active,0.1604,
ACC-000009,2021-11-27,DEV-0073,US-East,Gabrielle Davis,active,0.0723,
ACC-000010,2023-04-11,DEV-0074,India-West,Ryan Munoz,active,0.0913,
ACC-000011,2022-07-25,DEV-0075,South-East-Asia,Monica Herrera,active,0.0692,
ACC-000012,2021-06-30,DEV-0076,Europe-West,Jamie Arnold,active,0.04,
ACC-000013,2025-11-28,DEV-0077,US-East,Lisa Hensley,active,0.1926,
ACC-000014,2022-03-23,DEV-0078,Europe-Central,Michele Williams,active,0.1083,
ACC-000015,2024-01-23,DEV-0079,South-East-Asia,Dylan Miller,active,0.1142,
ACC-000016,2024-11-12,DEV-0080,India-West,Brian Ramirez,active,0.1677,
ACC-000017,2025-09-05,DEV-0081,US-West,Holly Wood,active,0.1664,
ACC-000018,2023-10-05,DEV-0082,India-East,Derek Zuniga,active,0.138,
ACC-000019,2026-05-23,DEV-0027,Europe-Central,Lisa Jackson,suspended,0.5085,CAMP-007
ACC-000020,2021-11-15,DEV-0083,India-East,Carla Gray,active,0.0564,
ACC-000021,2026-05-31,DEV-0030,US-East,Margaret Hawkins DDS,suspended,0.4439,CAMP-008
ACC-000022,2025-06-22,DEV-0084,US-West,Patty Perez,active,0.1603,
ACC-000023,2021-08-31,DEV-0085,Europe-Central,Ethan Adams,active,0.0515,
ACC-000024,2022-02-01,DEV-0086,US-East,Tommy Walter,active,0.0778,
ACC-000025,2026-05-29,DEV-0057,Europe-West,Matthew Foster,banned,0.2963,CAMP-015
ACC-000026,2021-06-17,DEV-0087,India-North,Judy Baker,active,0.0389,
ACC-000027,2024-07-21,DEV-0088,South-East-Asia,Justin Baker,active,0.129,
ACC-000028,2024-12-20,DEV-0089,India-East,Stephanie Ross,active,0.1494,
ACC-000029,2026-05-22,DEV-0020,Middle-East,Zachary Hicks,suspended,0.4942,CAMP-006
ACC-000030,2023-05-07,DEV-0090,US-East,Anthony Rodriguez,active,0.1156,
ACC-000031,2026-05-28,DEV-0026,India-South,Rebecca Henderson,suspended,0.4242,CAMP-007
ACC-000032,2026-04-21,DEV-0015,India-North,James Ferrell,suspended,0.3637,CAMP-004
ACC-000033,2023-10-08,DEV-0091,Europe-Central,Tricia Valencia,active,0.1147,
ACC-000034,2026-05-14,DEV-0059,US-East,Nathan Maldonado,banned,0.2958,CAMP-015
ACC-000035,2024-05-20,DEV-0092,India-North,Debra Davidson,active,0.1268,
ACC-000036,2024-04-26,DEV-0093,India-West,Jeffrey Chavez,active,0.1227,
ACC-000037,2026-05-29,DEV-0030,India-South,Sherri Baker,suspended,0.3774,CAMP-008
ACC-000038,2022-04-20,DEV-0094,India-North,Cassandra Gaines,active,0.0682,
ACC-000039,2024-04-15,DEV-0040,US-East,Elizabeth Fowler,banned,0.4277,CAMP-010
ACC-000040,2024-10-18,DEV-0095,India-East,Brittany Farmer,active,0.1442,
ACC-000041,2025-01-01,DEV-0096,US-East,Paula Moreno,active,0.1987,
ACC-000042,2024-01-10,DEV-0097,India-South,Fred Smith,active,0.1317,
ACC-000043,2024-08-28,DEV-0098,Europe-West,Sherry Decker,active,0.135,
ACC-000044,2024-06-10,DEV-0099,South-East-Asia,Anthony Humphrey,active,0.1257,
ACC-000045,2022-02-26,DEV-0100,US-East,Angelica Tucker,active,0.0798,
ACC-000046,2025-04-26,DEV-0101,India-West,Philip Cannon,active,0.1527,
ACC-000047,2022-10-11,DEV-0102,US-West,John Pierce,active,0.0792,
ACC-000048,2023-04-28,DEV-0103,US-East,Shane Henderson,active,0.1149,
ACC-000049,2025-09-18,DEV-0104,US-East,Joshua Blair,active,0.1868,
ACC-000050,2022-11-29,DEV-0105,India-East,Eric Carney,active,0.0875,
ACC-000051,2021-10-04,DEV-0106,South-East-Asia,Jessica Holmes,active,0.045,
ACC-000052,2023-08-07,DEV-0107,India-South,Danny Morgan,active,0.1475,
ACC-000053,2024-05-10,DEV-0108,India-North,Crystal Robinson,active,0.126,
ACC-000054,2026-05-25,DEV-0047,US-East,Mark Perez,banned,0.4393,CAMP-012
ACC-000055,2023-11-30,DEV-0109,India-North,Shannon Jones,active,0.1126,
ACC-000056,2023-05-17,DEV-0110,India-South,Michael Lewis,active,0.1122,
ACC-000057,2025-10-21,DEV-0111,India-North,Timothy Duncan,active,0.1695,
ACC-000058,2026-04-11,DEV-0005,India-West,Richard Aguirre,suspended,0.4651,CAMP-002
ACC-000059,2024-08-13,DEV-0112,US-West,Brent Jordan,active,0.1345,
ACC-000060,2024-05-15,DEV-0113,India-East,John Daniel,active,0.1314,
ACC-000061,2024-10-19,DEV-0062,Europe-Central,Victoria Garcia,banned,0.5451,CAMP-016
ACC-000062,2024-02-09,DEV-0114,India-North,Gerald Hensley,active,0.1185,
ACC-000063,2023-07-25,DEV-0115,South-East-Asia,Connor West,active,0.0993,
ACC-000064,2021-07-24,DEV-0116,US-West,Donald Wright,active,0.0427,
ACC-000065,2026-05-29,DEV-0023,Middle-East,Jessica Callahan,suspended,0.564,CAMP-006
ACC-000066,2026-05-12,DEV-0007,India-West,Amber Kidd,suspended,0.4301,CAMP-002
ACC-000067,2023-09-03,DEV-0117,Europe-West,Tracy House,active,0.1054,
ACC-000068,2025-07-06,DEV-0118,India-South,Carol Tucker,active,0.1764,
ACC-000069,2024-05-19,DEV-0119,Middle-East,James Brown,active,0.1672,
ACC-000070,2024-04-09,DEV-0120,Europe-Central,William Baker,active,0.1299,
ACC-000071,2022-04-03,DEV-0121,South-East-Asia,Jordan Henderson,active,0.0599,
ACC-000072,2026-05-19,DEV-0059,Europe-West,Whitney Peters,banned,0.3502,CAMP-015
ACC-000073,2024-07-31,DEV-0040,US-East,Brittney Phillips,banned,0.4207,CAMP-010
ACC-000074,2025-05-31,DEV-0122,India-South,Lauren Daniels,active,0.1735,
ACC-000075,2023-11-01,DEV-0123,India-East,Amy Silva,active,0.2153,
ACC-000076,2024-01-28,DEV-0124,India-South,Sarah Moore,active,0.1332,
ACC-000077,2026-05-19,DEV-0052,Europe-West,Angela Lopez,banned,0.4699,CAMP-013
ACC-000078,2022-09-07,DEV-0125,South-East-Asia,Megan Young,active,0.0728,
ACC-000079,2025-04-26,DEV-0126,US-West,Steve Sanchez,active,0.1556,
ACC-000080,2024-08-27,DEV-0127,Europe-West,Lisa Barnes,active,0.135,
ACC-000081,2022-01-13,DEV-0128,US-East,Kelly Donovan,active,0.0762,
ACC-000082,2024-03-11,DEV-0129,US-West,Mike Allen,active,0.1218,
ACC-000083,2022-10-01,DEV-0130,Europe-West,Michael Evans,active,0.0777,
ACC-000084,2026-03-01,DEV-0035,India-West,Paul Jones,banned,0.3979,CAMP-010
ACC-000085,2023-11-07,DEV-0131,US-East,Zachary Ferrell,active,0.1308,
ACC-000086,2025-06-13,DEV-0132,India-North,Daniel Baker,active,0.1588,
ACC-000087,2021-08-21,DEV-0062,Europe-Central,Shirley Suarez,banned,0.3973,CAMP-016
ACC-000088,2024-05-23,DEV-0133,India-West,Christopher Bass,active,0.1249,
ACC-000089,2022-02-14,DEV-0134,Middle-East,Lisa Archer,active,0.07,
ACC-000090,2024-09-08,DEV-0135,Europe-West,Aimee Montoya,active,0.1359,
ACC-000091,2024-09-27,DEV-0136,India-East,Matthew Mcmillan,active,0.1425,
ACC-000092,2023-02-19,DEV-0137,Europe-West,Brian Rodriguez,active,0.0893,
ACC-000093,2026-05-17,DEV-0006,India-West,Denise Jacobs,suspended,0.3941,CAMP-002
ACC-000094,2025-06-27,DEV-0138,US-West,Christina Walters,active,0.1607,
ACC-000095,2023-08-01,DEV-0139,US-East,John Whitehead,active,0.1227,
ACC-000096,2024-12-17,DEV-0140,Middle-East,Anna Henderson,active,0.1513,
ACC-000097,2024-12-03,DEV-0065,India-West,Aaron Wise,banned,0.4678,CAMP-016
ACC-000098,2023-09-15,DEV-0141,US-East,Deborah Figueroa,active,0.1264,
ACC-000099,2026-05-30,DEV-0061,Europe-West,Jessica Smith,banned,0.3771,CAMP-015
ACC-000100,2024-05-17,DEV-0033,India-East,Stephen Mckee,banned,0.3824,CAMP-009
ACC-000101,2024-12-13,DEV-0142,Middle-East,Sandra Aguilar,active,0.151,
ACC-000102,2026-05-20,DEV-0018,South-East-Asia,Cameron Parker,suspended,0.5379,CAMP-005
ACC-000103,2022-04-27,DEV-0143,Middle-East,Rebecca Valencia,active,0.1009,
ACC-000104,2025-01-28,DEV-0144,Europe-Central,Christine Wright,active,0.1541,
ACC-000105,2021-06-17,DEV-0145,US-East,Richard Henson,active,0.0589,
ACC-000106,2023-05-03,DEV-0146,Europe-Central,Marc Moore,active,0.1017,
ACC-000107,2025-06-29,DEV-0147,India-South,Sharon Cherry,active,0.1758,
ACC-000108,2021-06-26,DEV-0148,India-North,Sierra Johnson,active,0.0397,
ACC-000109,2024-11-13,DEV-0149,US-West,Evelyn Galvan,active,0.1421,
ACC-000110,2026-05-31,DEV-0060,Europe-West,Sharon Cochran,banned,0.4166,CAMP-015
ACC-000111,2025-05-14,DEV-0031,US-East,Richard Rodriguez,banned,0.4023,CAMP-009
ACC-000112,2022-07-04,DEV-0150,India-East,Shannon Walker,active,0.0754,
ACC-000113,2023-08-19,DEV-0151,US-West,Julia Torres,active,0.1049,
ACC-000114,2025-07-22,DEV-0152,US-West,Crystal Johnson,active,0.3627,
ACC-000115,2026-05-24,DEV-0052,Middle-East,Garrett Lin,banned,0.4391,CAMP-013
ACC-000116,2025-07-17,DEV-0037,US-East,Diana May,banned,0.5101,CAMP-010
ACC-000117,2025-06-13,DEV-0153,US-East,William Herrera,active,0.1788,
ACC-000118,2025-03-17,DEV-0154,South-East-Asia,Ashley Waller,active,0.1487,
ACC-000119,2023-11-23,DEV-0155,India-North,Victor Baker,active,0.1121,
ACC-000120,2024-01-04,DEV-0156,Europe-Central,Jeffrey Chandler,active,0.126,
ACC-000121,2026-05-27,DEV-0002,India-South,Larry Dixon,suspended,0.3398,CAMP-001
ACC-000122,2022-06-17,DEV-0157,India-East,Kenneth Scott,active,0.074,
ACC-000123,2026-04-08,DEV-0013,India-North,April Frost,suspended,0.5559,CAMP-004
ACC-000124,2023-06-08,DEV-0158,Middle-East,Michelle Harmon,active,0.1054,
ACC-000125,2024-08-11,DEV-0159,South-East-Asia,Helen Jones,active,0.1708,
ACC-000126,2023-04-18,DEV-0160,India-West,Erin Edwards,active,0.0919,
ACC-000127,2023-06-15,DEV-0161,Europe-Central,Michelle Evans,active,0.1386,
ACC-000128,2026-05-16,DEV-0048,India-West,Jason Powell,banned,0.3855,CAMP-012
ACC-000129,2026-01-16,DEV-0034,South-East-Asia,Cameron Fisher,banned,0.4599,CAMP-009
ACC-000130,2026-05-31,DEV-0021,Middle-East,Megan Orr,suspended,0.5066,CAMP-006
ACC-000131,2025-02-05,DEV-0162,Europe-West,Elizabeth Kelley,active,0.1483,
ACC-000132,2023-05-25,DEV-0163,US-West,Dustin Jordan,active,0.0978,
ACC-000133,2024-03-28,DEV-0036,US-East,Mary Marshall,banned,0.4216,CAMP-010
ACC-000134,2026-05-03,DEV-0053,US-West,Daniel Kennedy,banned,0.3131,CAMP-014
ACC-000135,2023-04-11,DEV-0164,India-East,Rebecca Jackson,active,0.0985,
ACC-000136,2025-06-24,DEV-0165,India-North,Jose Schultz,active,0.1597,
ACC-000137,2021-11-05,DEV-0166,Middle-East,Robert Potter,active,0.0577,
ACC-000138,2026-05-16,DEV-0006,India-West,Courtney Gonzalez,suspended,0.4133,CAMP-002
ACC-000139,2026-05-02,DEV-0012,India-North,David Alvarez,suspended,0.4062,CAMP-004
ACC-000140,2023-01-13,DEV-0167,Middle-East,Angel Perry,active,0.0934,
ACC-000141,2025-11-30,DEV-0168,Middle-East,Cheyenne Horton,active,0.1799,
ACC-000142,2022-03-14,DEV-0169,India-South,David Douglas Jr.,active,0.0769,
ACC-000143,2023-01-29,DEV-0170,South-East-Asia,Patricia Rodriguez,active,0.0847,
ACC-000144,2026-02-02,DEV-0044,US-East,Christopher Rubio,banned,0.4014,CAMP-011
ACC-000145,2024-07-28,DEV-0171,India-South,Amber Wright,active,0.1482,
ACC-000146,2024-01-10,DEV-0172,India-East,Joyce Solis,active,0.121,
ACC-000147,2024-11-25,DEV-0173,India-East,Victoria Larson,active,0.1724,
ACC-000148,2026-05-29,DEV-0010,India-East,Stephanie Salazar,suspended,0.4921,CAMP-003
ACC-000149,2024-03-08,DEV-0174,South-East-Asia,Kathy Rivas,active,0.1179,
ACC-000150,2024-07-03,DEV-0175,India-North,Stephanie Manning,active,0.159,
ACC-000151,2025-02-24,DEV-0064,Europe-Central,David Wright,banned,0.504,CAMP-016
ACC-000152,2023-06-17,DEV-0176,Europe-West,Pamela Boyd,active,0.099,
ACC-000153,2023-02-19,DEV-0177,US-West,Denise Jones,active,0.09,
ACC-000154,2025-06-25,DEV-0178,Europe-West,Devon Flores,active,0.1598,
ACC-000155,2025-06-23,DEV-0179,US-West,Brenda Hall,active,0.1603,
ACC-000156,2023-07-15,DEV-0180,India-East,Michelle Brown,active,0.1063,
ACC-000157,2023-12-12,DEV-0181,Middle-East,Joshua Perry,active,0.1208,
ACC-000158,2025-08-08,DEV-0182,India-South,Jason Stein,active,0.1831,
ACC-000159,2022-02-11,DEV-0183,India-East,Melissa Gates,active,0.0636,
ACC-000160,2021-07-17,DEV-0184,Europe-Central,Jamie Smith,active,0.0478,
ACC-000161,2022-04-22,DEV-0185,US-West,Paul Castaneda,active,0.0651,
ACC-000162,2022-07-13,DEV-0186,India-East,Jennifer Adkins,active,0.0761,
ACC-000163,2021-08-24,DEV-0187,India-South,Lindsey Walker,active,0.0602,
ACC-000164,2026-05-22,DEV-0047,US-East,Jeffrey Johnson,banned,0.4203,CAMP-012
ACC-000165,2023-06-07,DEV-0034,India-South,Michael Powell,banned,0.2075,CAMP-009
ACC-000166,2024-09-20,DEV-0188,Middle-East,John Anderson,active,0.1441,
ACC-000167,2024-10-20,DEV-0189,India-South,Alyssa Long,active,0.1551,
ACC-000168,2021-12-04,DEV-0190,Europe-Central,Alyssa Day,active,0.0593,
ACC-000169,2024-02-18,DEV-0191,US-West,Joel Williams,active,0.1199,
ACC-000170,2024-03-29,DEV-0192,India-East,Daniel Murphy,active,0.1275,
ACC-000171,2026-05-27,DEV-0047,US-East,Jamie Walton,banned,0.4879,CAMP-012
ACC-000172,2024-08-06,DEV-0193,Europe-Central,Darlene Miller,active,0.1397,
ACC-000173,2023-04-21,DEV-0194,South-East-Asia,Joshua Cooke,active,0.0914,
ACC-000174,2026-05-12,DEV-0011,Europe-Central,Matthew Harrington,suspended,0.4236,CAMP-003
ACC-000175,2026-05-23,DEV-0019,Middle-East,Nicole Herring,suspended,0.6568,CAMP-006
ACC-000176,2022-02-10,DEV-0195,South-East-Asia,Alex Hernandez,active,0.089,
ACC-000177,2022-10-31,DEV-0196,Middle-East,Michael Elliott,active,0.0873,
ACC-000178,2023-02-08,DEV-0197,India-North,Michael Wang,active,0.0884,
ACC-000179,2025-01-06,DEV-0198,US-West,Lawrence Adkins,active,0.1465,
ACC-000180,2024-05-01,DEV-0199,India-South,Robert Oconnell,active,0.141,
ACC-000181,2026-05-14,DEV-0005,India-West,Alexander Collins,suspended,0.4279,CAMP-002
ACC-000182,2022-09-01,DEV-0200,India-East,Tina Sanders,active,0.0802,
ACC-000183,2022-01-09,DEV-0064,Middle-East,Angela Vaughn,banned,0.2947,CAMP-016
ACC-000184,2025-09-01,DEV-0201,Middle-East,Ashley Barton,active,0.1725,
ACC-000185,2023-08-03,DEV-0202,Middle-East,Lindsay Martinez,active,0.11,
ACC-000186,2024-04-19,DEV-0203,US-East,Dr. Hannah Patterson,active,0.1443,
ACC-000187,2024-01-22,DEV-0033,US-East,Jonathan Peterson,banned,0.363,CAMP-009
ACC-000188,2023-04-27,DEV-0204,India-West,Samantha Garcia,active,0.0927,
ACC-000189,2021-11-23,DEV-0205,US-West,Madison Poole,active,0.086,
ACC-000190,2023-11-06,DEV-0206,South-East-Asia,Jessica Gross,active,0.1412,
ACC-000191,2024-06-04,DEV-0207,Europe-Central,Debra Morton,active,0.1345,
ACC-000192,2023-10-09,DEV-0208,Middle-East,Karen Graham,active,0.1155,
ACC-000193,2025-01-10,DEV-0209,US-West,Debra Christian,active,0.1754,
ACC-000194,2026-05-27,DEV-0051,Europe-Central,Angelica Keith,banned,0.3777,CAMP-013
ACC-000195,2025-06-02,DEV-0210,Europe-West,John Bishop,active,0.1619,
ACC-000196,2024-05-10,DEV-0035,US-East,Allen Rosales,banned,0.4464,CAMP-010
ACC-000197,2022-02-25,DEV-0211,Europe-Central,Daniel Salinas,active,0.0662,
ACC-000198,2023-07-05,DEV-0212,India-East,Spencer Haynes,active,0.1455,
ACC-000199,2023-05-14,DEV-0062,Europe-Central,Adam Vaughan,banned,0.4946,CAMP-016
ACC-000200,2026-05-28,DEV-0029,India-South,Nathan Freeman,suspended,0.3315,CAMP-008
ACC-000201,2026-05-13,DEV-0053,India-East,Melissa Brewer,banned,0.3676,CAMP-014
ACC-000202,2026-05-22,DEV-0052,India-East,Ricky Davis II,banned,0.3945,CAMP-013
ACC-000203,2026-06-01,DEV-0025,India-South,Elizabeth Perkins,suspended,0.4688,CAMP-007
ACC-000204,2025-02-01,DEV-0213,Middle-East,Joseph Coleman,active,0.1551,
ACC-000205,2025-01-05,DEV-0214,Europe-West,Erin Warner,active,0.1457,
ACC-000206,2023-01-25,DEV-0215,South-East-Asia,David Martinez,active,0.0844,
ACC-000207,2025-10-30,DEV-0216,US-West,Bryan Herrera,active,0.171,
ACC-000208,2022-08-26,DEV-0217,US-East,Cathy Robinson,active,0.0987,
ACC-000209,2022-04-01,DEV-0218,Middle-East,Dr. William Warren,active,0.0698,
ACC-000210,2024-06-17,DEV-0066,Europe-Central,Brian Lee,banned,0.5307,CAMP-016
ACC-000211,2025-09-30,DEV-0219,Middle-East,Christopher Smith,active,0.1749,
ACC-000212,2026-05-03,DEV-0010,India-East,Denise Mccann,suspended,0.547,CAMP-003
ACC-000213,2021-07-30,DEV-0220,Middle-East,Melissa Martinez,active,0.0782,
ACC-000214,2025-07-29,DEV-0221,India-East,Katherine Salas,active,0.1676,
ACC-000215,2026-05-11,DEV-0056,India-East,Julie Alexander,banned,0.2993,CAMP-014
ACC-000216,2022-06-06,DEV-0064,Europe-Central,Anthony Everett,banned,0.4041,CAMP-016
ACC-000217,2024-07-17,DEV-0222,US-East,Rodney Morales,active,0.1916,
ACC-000218,2024-04-03,DEV-0223,US-East,Mark Brown,active,0.1429,
ACC-000219,2023-03-27,DEV-0224,US-West,Justin Torres,active,0.093,
ACC-000220,2022-11-17,DEV-0225,Europe-West,Bailey Duran DDS,active,0.0816,
ACC-000221,2026-05-07,DEV-0058,Europe-West,Courtney Mills,banned,0.3078,CAMP-015
ACC-000222,2023-06-12,DEV-0226,US-East,Jeremy Dalton,active,0.1186,
ACC-000223,2024-05-27,DEV-0227,South-East-Asia,Elizabeth Oliver DDS,active,0.1245,
ACC-000224,2026-04-14,DEV-0013,India-North,Theresa Clark,suspended,0.5413,CAMP-004
ACC-000225,2023-08-10,DEV-0228,US-West,Matthew Moore,active,0.1042,
ACC-000226,2025-11-23,DEV-0229,South-East-Asia,Benjamin Smith,active,0.1694,
ACC-000227,2023-04-04,DEV-0230,Europe-Central,Kirk Carter,active,0.0993,
ACC-000228,2024-07-14,DEV-0037,US-East,Michael Warner,banned,0.529,CAMP-010
ACC-000229,2021-10-13,DEV-0231,India-North,Michael Bradshaw,active,0.0486,
ACC-000230,2026-05-03,DEV-0057,Europe-West,Lori Guerrero,banned,0.3317,CAMP-015
ACC-000231,2024-04-20,DEV-0232,India-North,Jessica Stephens,active,0.1243,
ACC-000232,2024-01-17,DEV-0233,US-East,Susan Serrano,active,0.1366,
ACC-000233,2023-02-26,DEV-0234,India-East,Christopher Parker,active,0.0949,
ACC-000234,2024-01-26,DEV-0235,India-East,Laura Roberts,active,0.1473,
ACC-000235,2025-11-05,DEV-0236,US-West,Michael Lyons,active,0.1715,
ACC-000236,2024-12-09,DEV-0237,Middle-East,Kathryn Snyder,active,0.1506,
ACC-000237,2023-06-12,DEV-0043,Europe-Central,Andrew Reynolds,banned,0.3886,CAMP-011
ACC-000238,2024-02-10,DEV-0238,India-West,David Davis,active,0.1164,
ACC-000239,2021-09-12,DEV-0239,US-East,Sara Johnston,active,0.0661,
ACC-000240,2025-11-10,DEV-0240,US-East,Yvonne Chambers,active,0.1911,
ACC-000241,2025-04-05,DEV-0241,Europe-Central,Andrew Avila,active,0.1929,
ACC-000242,2021-12-24,DEV-0242,US-East,Matthew Moon,active,0.0746,
ACC-000243,2023-11-12,DEV-0243,Middle-East,Kevin Walters,active,0.1183,
ACC-000244,2026-05-28,DEV-0051,Middle-East,Brandon Bailey MD,banned,0.342,CAMP-013
ACC-000245,2023-04-14,DEV-0244,South-East-Asia,Shannon Rivera,active,0.1242,
ACC-000246,2022-08-01,DEV-0245,India-South,Donna Landry,active,0.0924,
ACC-000247,2022-10-05,DEV-0246,India-South,Krista Gibson,active,0.0937,
ACC-000248,2024-10-15,DEV-0247,Middle-East,Frank Cordova,active,0.1461,
ACC-000249,2023-06-13,DEV-0248,India-South,Jose Travis,active,0.1144,
ACC-000250,2023-01-23,DEV-0249,Europe-Central,Kimberly Gutierrez,active,0.0935,
ACC-000251,2023-05-13,DEV-0250,Middle-East,Isaiah Avila,active,0.1033,
ACC-000252,2026-05-12,DEV-0018,South-East-Asia,Olivia Harris,suspended,0.5541,CAMP-005
ACC-000253,2022-09-06,DEV-0251,India-South,Tanya Kim,active,0.0913,
ACC-000254,2022-11-21,DEV-0252,India-North,Barbara Dudley,active,0.0819,
ACC-000255,2023-10-23,DEV-0065,Europe-Central,Cynthia Moore,banned,0.4533,CAMP-016
ACC-000256,2021-10-18,DEV-0065,Europe-Central,Kristen Davis,banned,0.4191,CAMP-016
ACC-000257,2023-10-22,DEV-0253,Europe-West,Susan Murray MD,active,0.1094,
ACC-000258,2022-11-25,DEV-0254,India-East,Kathleen Moran,active,0.0872,
ACC-000259,2023-09-21,DEV-0255,South-East-Asia,Denise Davenport,active,0.104,
ACC-000260,2026-06-01,DEV-0045,Europe-Central,Mrs. Kristen Reyes,banned,0.3426,CAMP-012
ACC-000261,2024-03-17,DEV-0036,US-East,Katie Suarez,banned,0.4314,CAMP-010
ACC-000262,2025-09-13,DEV-0035,Europe-West,Desiree Tyler,banned,0.3612,CAMP-010
ACC-000263,2022-08-05,DEV-0256,India-North,Timothy Romero,active,0.073,
ACC-000264,2025-08-26,DEV-0257,India-West,Diane Evans,active,0.1628,
ACC-000265,2026-05-29,DEV-0019,Middle-East,Yvonne Burns,suspended,0.5093,CAMP-006
ACC-000266,2022-09-11,DEV-0258,US-West,Joshua Reed,active,0.0767,
ACC-000267,2022-03-22,DEV-0259,South-East-Asia,Kimberly Gibson,active,0.0589,
ACC-000268,2022-04-18,DEV-0066,India-East,Colin Terry,banned,0.3146,CAMP-016
ACC-000269,2023-12-29,DEV-0260,Europe-West,Cynthia Rowe,active,0.115,
ACC-000270,2024-03-29,DEV-0261,Europe-West,Patrick Thornton,active,0.1225,
ACC-000271,2026-05-29,DEV-0021,India-East,Jasmin Alvarado,suspended,0.4268,CAMP-006
ACC-000272,2023-08-03,DEV-0262,South-East-Asia,Veronica Simpson,active,0.1,
ACC-000273,2024-01-27,DEV-0263,India-South,Jonathan Lawrence,active,0.1331,
ACC-000274,2026-05-26,DEV-0045,US-East,Shelly Alexander,banned,0.4875,CAMP-012
ACC-000275,2021-08-27,DEV-0264,Middle-East,Joyce Bowen,active,0.0519,
ACC-000276,2024-01-22,DEV-0265,US-East,Matthew Moore,active,0.137,
ACC-000277,2021-10-07,DEV-0266,India-South,Wayne Morgan,active,0.0639,
ACC-000278,2021-12-23,DEV-0267,India-West,Marie Christian,active,0.0773,
ACC-000279,2021-07-29,DEV-0268,US-East,Shannon James,active,0.0624,
ACC-000280,2024-03-12,DEV-0269,US-East,Nathan Malone,active,0.1697,
ACC-000281,2025-05-16,DEV-0270,Europe-Central,Amanda Jones,active,0.1629,
ACC-000282,2023-08-09,DEV-0271,India-North,Tammie Bright,active,0.1033,
ACC-000283,2022-10-27,DEV-0272,Middle-East,Jessica Garcia,active,0.087,
ACC-000284,2024-08-19,DEV-0273,Europe-West,Shelia Wallace,active,0.1343,
ACC-000285,2022-01-31,DEV-0274,US-West,Stephanie Williams,active,0.1084,
ACC-000286,2026-05-12,DEV-0048,US-East,Elaine Brooks,banned,0.4868,CAMP-012
ACC-000287,2026-05-25,DEV-0020,South-East-Asia,Joseph Knight,suspended,0.4816,CAMP-006
ACC-000288,2025-07-04,DEV-0275,India-North,Carolyn Miller,active,0.1605,
ACC-000289,2024-08-17,DEV-0276,India-South,Lisa Allen,active,0.1498,
ACC-000290,2023-10-31,DEV-0277,India-North,Briana Murray,active,0.1102,
ACC-000291,2022-12-10,DEV-0278,South-East-Asia,David Smith,active,0.0806,
ACC-000292,2026-05-14,DEV-0010,India-East,Stephanie Byrd,suspended,0.5429,CAMP-003
ACC-000293,2025-04-28,DEV-0279,India-South,Jeremy Reed,active,0.1707,
ACC-000294,2024-07-05,DEV-0280,US-West,Margaret Coleman,active,0.1313,
ACC-000295,2026-05-06,DEV-0011,India-East,Ryan Gonzalez,suspended,0.4871,CAMP-003
ACC-000296,2025-06-21,DEV-0281,India-North,John Young,active,0.1595,
ACC-000297,2023-04-04,DEV-0282,India-North,Laura Haney,active,0.0929,
ACC-000298,2023-06-29,DEV-0283,US-West,William Barrett,active,0.1007,
ACC-000299,2024-08-20,DEV-0284,India-West,Keith Jennings,active,0.1322,
ACC-000300,2026-01-27,DEV-0031,US-East,Amber Obrien,banned,0.4563,CAMP-009
ACC-000301,2026-05-31,DEV-0046,US-West,Tanner Mitchell DDS,banned,0.4121,CAMP-012
ACC-000302,2021-09-15,DEV-0285,Europe-West,Heather Fields,active,0.0463,
ACC-000303,2026-05-23,DEV-0022,Middle-East,Megan Le,suspended,0.5528,CAMP-006
ACC-000304,2021-06-29,DEV-0286,India-South,Sara Fuller,active,0.0556,
ACC-000305,2025-07-01,DEV-0287,US-West,Maria Parker,active,0.161,
ACC-000306,2022-05-15,DEV-0288,US-East,Kevin Oconnor,active,0.1148,
ACC-000307,2023-10-27,DEV-0289,Europe-West,Edward Burgess,active,0.1099,
ACC-000308,2025-11-08,DEV-0043,India-South,Carlos Ryan,banned,0.3871,CAMP-011
ACC-000309,2026-04-11,DEV-0013,US-West,Kiara Mcintyre,suspended,0.4933,CAMP-004
ACC-000310,2024-08-09,DEV-0038,US-East,Dawn Summers,banned,0.3837,CAMP-010
ACC-000311,2023-12-02,DEV-0038,US-East,Dr. Paul Morgan,banned,0.4066,CAMP-010
ACC-000312,2022-10-25,DEV-0290,India-South,Victor Taylor,active,0.0954,
ACC-000313,2023-08-09,DEV-0291,Europe-West,Shannon Ramsey,active,0.1033,
ACC-000314,2024-07-24,DEV-0292,Middle-East,Tracy Ballard,active,0.1393,
ACC-000315,2026-05-23,DEV-0006,India-West,Richard Smith,suspended,0.4742,CAMP-002
ACC-000316,2024-10-14,DEV-0038,US-East,Jordan Chambers,banned,0.446,CAMP-010
ACC-000317,2021-11-18,DEV-0293,Europe-Central,Lauren Carson,active,0.058,
ACC-000318,2025-11-20,DEV-0294,Europe-West,Ashley Hall,active,0.172,
ACC-000319,2024-01-29,DEV-0295,Europe-Central,Stephen Hoffman,active,0.124,
ACC-000320,2026-05-12,DEV-0052,Europe-West,Connie Brown,banned,0.4507,CAMP-013
ACC-000321,2023-08-25,DEV-0037,US-East,Susan Turner,banned,0.5023,CAMP-010
ACC-000322,2026-05-10,DEV-0060,India-West,Charles Shah,banned,0.3759,CAMP-015
ACC-000323,2026-05-26,DEV-0021,Middle-East,Johnathan Davis,suspended,0.5595,CAMP-006
ACC-000324,2025-04-29,DEV-0040,India-North,Brandy Chavez,banned,0.3908,CAMP-010
ACC-000325,2021-06-14,DEV-0296,US-East,Natalie Bautista,active,0.0587,
ACC-000326,2026-04-11,DEV-0002,India-West,Patrick Moore,suspended,0.4798,CAMP-001
ACC-000327,2022-03-26,DEV-0297,India-East,Brett Burns,active,0.0671,
ACC-000328,2026-05-18,DEV-0049,US-East,Trevor Johnson,banned,0.3316,CAMP-012
ACC-000329,2026-05-26,DEV-0025,US-West,Jeremy Sampson,suspended,0.5545,CAMP-007
ACC-000330,2025-11-09,DEV-0041,US-West,Ariana Jennings,banned,0.3849,CAMP-011
ACC-000331,2026-05-22,DEV-0024,Middle-East,Vanessa Howard,suspended,0.4037,CAMP-006
ACC-000332,2025-11-12,DEV-0298,India-South,Colton Martinez,active,0.187,
ACC-000333,2026-04-26,DEV-0009,India-East,Jordan Bates,suspended,0.3242,CAMP-003
ACC-000334,2022-01-19,DEV-0299,South-East-Asia,Linda Smith,active,0.0538,
ACC-000335,2025-09-30,DEV-0033,US-East,Dana Martinez,banned,0.3949,CAMP-009
ACC-000336,2025-07-16,DEV-0043,Europe-Central,Andrea Hubbard,banned,0.4129,CAMP-011
ACC-000337,2023-12-21,DEV-0300,Europe-Central,Daniel Kane,active,0.1208,
ACC-000338,2026-05-27,DEV-0025,India-South,Charles Lester,suspended,0.4784,CAMP-007
ACC-000339,2025-04-24,DEV-0301,India-East,Scott Thomas,active,0.1597,
ACC-000340,2024-01-26,DEV-0302,South-East-Asia,David Thompson,active,0.1145,
ACC-000341,2026-05-06,DEV-0013,India-North,Allison Smith,suspended,0.5616,CAMP-004
ACC-000342,2024-10-25,DEV-0303,Europe-Central,Cynthia Morris,active,0.1462,
ACC-000343,2024-10-08,DEV-0304,US-East,Anthony Harmon,active,0.187,
ACC-000344,2022-11-30,DEV-0305,India-East,Nichole Alvarez,active,0.0876,
ACC-000345,2024-06-14,DEV-0306,Europe-Central,Kayla Rodriguez,active,0.1686,
ACC-000346,2024-02-27,DEV-0044,Europe-Central,Theresa Williams,banned,0.3607,CAMP-011
ACC-000347,2026-05-27,DEV-0055,Middle-East,Sharon Boyd,banned,0.1933,CAMP-014
ACC-000348,2024-08-02,DEV-0307,US-East,Victor Brown,active,0.1529,
ACC-000349,2023-01-22,DEV-0308,Europe-West,James Parks,active,0.087,
ACC-000350,2023-07-21,DEV-0309,India-East,Theodore Jones Jr.,active,0.1068,
ACC-000351,2021-10-19,DEV-0063,Europe-Central,Ana Hill,banned,0.3848,CAMP-016
ACC-000352,2023-05-25,DEV-0310,Middle-East,Kimberly Nguyen,active,0.1042,
ACC-000353,2026-05-17,DEV-0046,US-East,Kerry Chavez DDS,banned,0.4206,CAMP-012
ACC-000354,2023-02-24,DEV-0311,Europe-West,Michael Farrell,active,0.0897,
ACC-000355,2026-05-17,DEV-0054,India-East,Patricia Le,banned,0.4814,CAMP-014
ACC-000356,2025-09-28,DEV-0312,US-East,Jesse Perez,active,0.1876,
ACC-000357,2026-05-18,DEV-0061,Europe-Central,Jesse Perry,banned,0.297,CAMP-015
ACC-000358,2022-11-17,DEV-0313,US-West,Jeffery Ortega,active,0.0823,
ACC-000359,2024-09-12,DEV-0314,Europe-West,Christian Leblanc,active,0.1363,
ACC-000360,2024-07-15,DEV-0315,US-East,Ronald Davis,active,0.1514,
ACC-000361,2026-05-09,DEV-0008,India-East,Parker Cain,suspended,0.4671,CAMP-003
ACC-000362,2021-10-15,DEV-0316,Middle-East,Laurie Hoffman,active,0.056,
ACC-000363,2023-07-11,DEV-0317,India-East,Bryan Gomez,active,0.1726,
ACC-000364,2025-08-04,DEV-0318,Middle-East,Nicole Parrish,active,0.1702,
ACC-000365,2024-12-24,DEV-0319,US-West,Tracy Burke,active,0.1495,
ACC-000366,2023-01-15,DEV-0320,India-South,Kenneth Lewis,active,0.1021,
ACC-000367,2025-08-04,DEV-0321,US-East,Courtney Rodriguez,active,0.1831,
ACC-000368,2025-02-07,DEV-0322,US-West,Holly Farmer,active,0.1492,
ACC-000369,2023-03-07,DEV-0323,India-East,Renee Bruce,active,0.0956,
ACC-000370,2026-05-20,DEV-0048,US-East,Sabrina Austin,banned,0.4921,CAMP-012
ACC-000371,2022-01-11,DEV-0324,US-West,Allison Hickman,active,0.1608,
ACC-000372,2025-11-28,DEV-0325,India-South,Debra White,active,0.2133,
ACC-000373,2026-04-17,DEV-0002,South-East-Asia,Ellen Morgan,suspended,0.3873,CAMP-001
ACC-000374,2024-09-26,DEV-0326,Europe-Central,Sergio Knight,active,0.1724,
ACC-000375,2022-11-09,DEV-0327,Middle-East,Charles Schultz,active,0.088,
ACC-000376,2023-12-31,DEV-0328,India-North,Paul Lewis,active,0.1152,
ACC-000377,2023-05-07,DEV-0329,India-North,Glen Wood,active,0.0956,
ACC-000378,2023-05-14,DEV-0330,India-North,Paula Bradley,active,0.0962,
ACC-000379,2025-03-08,DEV-0331,US-East,Anthony Moore,active,0.1708,
ACC-000380,2026-05-31,DEV-0027,India-South,Megan Nelson,suspended,0.4956,CAMP-007
ACC-000381,2025-08-19,DEV-0332,Europe-West,Karla Ramos,active,0.1643,
ACC-000382,2023-07-08,DEV-0333,India-South,Paul Wilson,active,0.1164,
ACC-000383,2025-03-07,DEV-0334,Middle-East,Douglas Gregory,active,0.1579,
ACC-000384,2025-11-17,DEV-0335,US-West,Mr. Andrew Foster,active,0.1724,
ACC-000385,2025-03-08,DEV-0336,Europe-Central,Aimee Turner,active,0.2573,
ACC-000386,2025-05-08,DEV-0337,India-South,Chad Scott,active,0.1716,
ACC-000387,2023-10-12,DEV-0338,India-East,Adam Burgess,active,0.1136,
ACC-000388,2022-07-03,DEV-0339,India-East,James Padilla,active,0.0753,
ACC-000389,2026-05-09,DEV-0058,Middle-East,Sandra Drake,banned,0.2338,CAMP-015
ACC-000390,2025-05-12,DEV-0340,India-East,Scott Williams,active,0.1862,
ACC-000391,2026-05-21,DEV-0051,Europe-West,Thomas Atkins,banned,0.4153,CAMP-013
ACC-000392,2024-07-13,DEV-0341,South-East-Asia,Laura Mckinney,active,0.1284,
ACC-000393,2022-03-26,DEV-0342,US-East,Brian Smith,active,0.0821,
ACC-000394,2021-09-24,DEV-0343,Europe-West,Robert Montgomery,active,0.0471,
ACC-000395,2021-06-22,DEV-0344,India-West,Tamara Davis,active,0.0372,
ACC-000396,2022-05-07,DEV-0345,Middle-East,Dana Chapman,active,0.0727,
ACC-000397,2023-11-25,DEV-0346,US-West,Jennifer Collins,active,0.113,
ACC-000398,2023-07-26,DEV-0347,US-West,Gary Jackson,active,0.1029,
ACC-000399,2021-08-09,DEV-0348,India-South,Ashley Hicks,active,0.1257,
ACC-000400,2024-09-18,DEV-0349,India-North,Hannah Luna,active,0.1368,
ACC-000401,2024-04-26,DEV-0350,South-East-Asia,Robin Young,active,0.122,
ACC-000402,2022-05-02,DEV-0351,South-East-Asia,Craig Morrison,active,0.0623,
ACC-000403,2023-01-21,DEV-0352,India-West,Mary Thompson,active,0.0847,
ACC-000404,2026-05-14,DEV-0045,US-East,Kathleen Webster,banned,0.4466,CAMP-012
ACC-000405,2026-05-28,DEV-0013,India-North,Joann Glass,suspended,0.5834,CAMP-004
ACC-000406,2025-08-13,DEV-0353,US-East,Madison Weber,active,0.1838,
ACC-000407,2021-12-28,DEV-0354,India-North,Lori Hernandez,active,0.0549,
ACC-000408,2023-01-09,DEV-0355,US-East,Jeremy Turner,active,0.1059,
ACC-000409,2024-06-01,DEV-0356,India-South,Anthony Romero,active,0.1435,
ACC-000410,2022-12-27,DEV-0357,India-South,Jesse Brown,active,0.1006,
ACC-000411,2026-05-31,DEV-0022,Middle-East,Angela Lin,suspended,0.5854,CAMP-006
ACC-000412,2026-05-21,DEV-0017,South-East-Asia,Lisa Hunter,suspended,0.3492,CAMP-005
ACC-000413,2025-04-11,DEV-0358,India-West,Julian Conner,active,0.1515,
ACC-000414,2024-07-21,DEV-0359,India-North,Joanna Pacheco,active,0.1319,
ACC-000415,2024-12-02,DEV-0360,India-North,Erica Alvarez,active,0.1679,
ACC-000416,2021-11-19,DEV-0361,US-West,Antonio Garcia,active,0.0524,
ACC-000417,2025-04-03,DEV-0362,South-East-Asia,Gwendolyn Klein,active,0.1501,
ACC-000418,2025-08-31,DEV-0363,Europe-West,Carrie Wright,active,0.1653,
ACC-000419,2026-05-28,DEV-0027,India-South,Jeffrey Mills,suspended,0.4907,CAMP-007
ACC-000420,2022-10-06,DEV-0364,US-East,Jake Campbell,active,0.0981,
ACC-000421,2023-02-27,DEV-0365,India-West,George Harper,active,0.1378,
ACC-000422,2025-10-16,DEV-0366,India-West,Maria Jones,active,0.1669,
ACC-000423,2025-11-14,DEV-0367,US-West,Michael Mitchell,active,0.1722,
ACC-000424,2021-10-14,DEV-0368,US-East,Mary Escobar,active,0.0687,
ACC-000425,2023-07-28,DEV-0369,Europe-Central,Felicia Aguilar,active,0.1088,
ACC-000426,2024-05-09,DEV-0370,India-South,Gregory Ponce,active,0.3416,
ACC-000427,2023-01-04,DEV-0371,Europe-West,Jenna Larson,active,0.0855,
ACC-000428,2022-09-01,DEV-0372,India-South,Emily Bennett,active,0.0949,
ACC-000429,2026-05-27,DEV-0008,India-East,Robin Santiago,suspended,0.4233,CAMP-003
ACC-000430,2026-04-07,DEV-0014,Europe-West,Nancy Jennings,suspended,0.2708,CAMP-004
ACC-000431,2025-07-04,DEV-0373,India-West,Maria Henderson,active,0.1584,
ACC-000432,2025-01-19,DEV-0374,India-South,Jack White,active,0.1626,
ACC-000433,2025-03-31,DEV-0375,South-East-Asia,Travis Tucker,active,0.1499,
ACC-000434,2026-05-23,DEV-0060,Europe-West,Chad Jones,banned,0.4401,CAMP-015
ACC-000435,2024-03-20,DEV-0376,Middle-East,Ashley Wise,active,0.1289,
ACC-000436,2025-02-03,DEV-0377,India-South,Sophia Johnson,active,0.1638,
ACC-000437,2025-08-25,DEV-0378,US-East,Ralph Anderson,active,0.1848,
ACC-000438,2026-05-26,DEV-0022,Middle-East,Christopher Guerra,suspended,0.5906,CAMP-006
ACC-000439,2021-06-22,DEV-0379,India-East,Rhonda Martin,active,0.0443,
ACC-000440,2026-05-29,DEV-0026,India-South,Jason Rhodes,suspended,0.4113,CAMP-007
ACC-000441,2022-04-23,DEV-0380,India-South,Jeremy Mitchell,active,0.0802,
ACC-000442,2025-01-20,DEV-0063,Europe-Central,Joann Ferguson,banned,0.406,CAMP-016
ACC-000443,2024-01-24,DEV-0381,India-South,Robert Harrison,active,0.1329,
ACC-000444,2026-05-03,DEV-0061,Europe-West,Holly Valentine,banned,0.3409,CAMP-015
ACC-000445,2023-12-11,DEV-0042,Europe-Central,Mrs. Diane Reyes,banned,0.3963,CAMP-011
ACC-000446,2025-02-02,DEV-0382,India-North,Tracy Montoya,active,0.152,
ACC-000447,2022-11-02,DEV-0383,Europe-Central,Brenda Wright,active,0.0867,
ACC-000448,2023-07-29,DEV-0384,India-West,Shelly Spencer,active,0.1003,
ACC-000449,2026-05-24,DEV-0019,US-West,Ryan Rosales,suspended,0.6624,CAMP-006
ACC-000450,2022-10-02,DEV-0385,South-East-Asia,Phillip Nelson,active,0.0749,
ACC-000451,2024-07-18,DEV-0042,Europe-Central,Brittany Kim,banned,0.3697,CAMP-011
ACC-000452,2026-05-01,DEV-0003,India-West,Courtney Hayes,suspended,0.4042,CAMP-001
ACC-000453,2022-03-29,DEV-0386,India-West,Alexander Brown,active,0.0602,
ACC-000454,2021-10-16,DEV-0387,India-North,Cynthia Vang,active,0.0489,
ACC-000455,2023-09-30,DEV-0388,US-West,Alfred Galvan,active,0.1084,
ACC-000456,2021-10-14,DEV-0389,US-West,Marie Moody,active,0.0494,
ACC-000457,2026-05-09,DEV-0018,South-East-Asia,Dustin Gallegos,suspended,0.554,CAMP-005
ACC-000458,2023-03-01,DEV-0390,South-East-Asia,Brenda Thornton,active,0.0912,
ACC-000459,2025-08-10,DEV-0391,India-West,Aaron Miller,active,0.1614,
ACC-000460,2024-01-24,DEV-0392,Middle-East,Ruben Dunn,active,0.1243,
ACC-000461,2024-12-05,DEV-0393,US-West,Kelsey Rodriguez,active,0.1439,
ACC-000462,2025-02-16,DEV-0394,India-South,Eric Williams,active,0.1649,
ACC-000463,2022-03-18,DEV-0395,Europe-West,Riley Bryant,active,0.0615,
ACC-000464,2025-01-15,DEV-0396,Europe-West,Taylor Carlson,active,0.1465,
ACC-000465,2022-10-10,DEV-0397,Middle-East,Jose Allen,active,0.0856,
ACC-000466,2024-12-09,DEV-0398,Europe-West,Jeffrey Mendez,active,0.1435,
ACC-000467,2024-12-05,DEV-0399,India-North,Jason Beck,active,0.1432,
ACC-000468,2022-09-28,DEV-0400,India-North,William Jones,active,0.0774,
ACC-000469,2022-06-30,DEV-0401,India-West,Katie Mcneil,active,0.0679,
ACC-000470,2021-09-29,DEV-0402,India-South,Jeanette Harrison,active,0.0632,
ACC-000471,2022-05-11,DEV-0403,India-South,Veronica King,active,0.1316,
ACC-000472,2024-07-10,DEV-0404,India-South,Richard Cooper,active,0.1467,
ACC-000473,2025-12-01,DEV-0405,India-North,Lori Ingram,active,0.1729,
ACC-000474,2024-12-28,DEV-0406,Europe-West,Evelyn Williams,active,0.1451,
ACC-000475,2023-10-27,DEV-0407,India-South,Robin Thompson,active,0.1256,
ACC-000476,2026-05-12,DEV-0046,US-East,Julie Dominguez,banned,0.5004,CAMP-012
ACC-000477,2025-10-23,DEV-0408,US-West,Robin Brown,active,0.2704,
ACC-000478,2024-12-20,DEV-0409,Europe-West,Judith Carter,active,0.1844,
ACC-000479,2025-10-24,DEV-0037,US-East,Curtis Williams,banned,0.4967,CAMP-010
ACC-000480,2026-05-04,DEV-0018,South-East-Asia,Kaylee Hays,suspended,0.5581,CAMP-005
ACC-000481,2024-10-09,DEV-0410,India-West,Dawn Mullins,active,0.1363,
ACC-000482,2021-10-31,DEV-0411,South-East-Asia,Howard Norman,active,0.0473,
ACC-000483,2025-05-21,DEV-0412,India-North,Evelyn Martinez,active,0.1569,
ACC-000484,2026-05-22,DEV-0004,India-West,Steve Paul,suspended,0.3468,CAMP-002
ACC-000485,2023-08-23,DEV-0036,US-East,Jasmine Beltran,banned,0.4045,CAMP-010
ACC-000486,2026-05-30,DEV-0060,US-East,Jonathan Glass MD,banned,0.3801,CAMP-015
ACC-000487,2024-06-09,DEV-0413,India-South,Monica Miller,active,0.1727,
ACC-000488,2026-04-05,DEV-0011,India-East,Samantha Gardner,suspended,0.5314,CAMP-003
ACC-000489,2024-06-12,DEV-0414,India-West,Bobby Guerrero,active,0.1266,
ACC-000490,2022-01-07,DEV-0415,India-South,Lance Simmons,active,0.0714,
ACC-000491,2023-08-09,DEV-0416,Middle-East,Heather Williams,active,0.1105,
ACC-000492,2022-12-29,DEV-0417,Europe-West,Heather Bolton,active,0.085,
ACC-000493,2024-03-31,DEV-0418,India-South,William Gould,active,0.1634,
ACC-000494,2023-02-09,DEV-0419,Middle-East,Mark Cox,active,0.0956,
ACC-000495,2024-12-14,DEV-0420,India-East,Meghan Cisneros,active,0.1489,
ACC-000496,2023-07-20,DEV-0421,India-South,Lawrence Harrington,active,0.1174,
ACC-000497,2025-02-04,DEV-0422,Middle-East,Austin Osborne,active,0.1553,
ACC-000498,2025-07-19,DEV-0423,India-South,James Bradley,active,0.1775,
ACC-000499,2024-05-17,DEV-0424,South-East-Asia,Meghan Rush,active,0.1237,
ACC-000500,2021-12-30,DEV-0425,Middle-East,Phillip Berry,active,0.0872,
ACC-000501,2022-09-30,DEV-0426,Middle-East,Jennifer Banks,active,0.0847,
ACC-000502,2025-05-11,DEV-0427,US-East,Brian Fitzgerald,active,0.1761,
ACC-000503,2022-04-02,DEV-0428,Europe-Central,Mr. Justin Green III,active,0.0691,
ACC-000504,2025-02-12,DEV-0429,Middle-East,Zachary Mitchell,active,0.156,
ACC-000505,2024-01-25,DEV-0430,India-West,Katherine Martinez,active,0.1151,
ACC-000506,2023-11-02,DEV-0431,India-North,Jodi Roach,active,0.1104,
ACC-000507,2024-05-08,DEV-0432,Europe-Central,Brandon Fleming,active,0.1322,
ACC-000508,2024-03-28,DEV-0433,Europe-Central,Emma Reed,active,0.1289,
ACC-000509,2022-04-21,DEV-0434,India-South,Joshua Vance,active,0.08,
ACC-000510,2023-08-23,DEV-0435,Europe-Central,Michelle Ho,active,0.1109,
ACC-000511,2025-01-12,DEV-0436,India-South,Rebecca Hicks,active,0.162,
ACC-000512,2021-07-19,DEV-0437,South-East-Asia,Curtis Taylor,active,0.0387,
ACC-000513,2026-04-05,DEV-0005,India-West,Allison Spencer,suspended,0.4531,CAMP-002
ACC-000514,2021-12-21,DEV-0438,India-West,Robert Arnold,active,0.0522,
ACC-000515,2026-05-06,DEV-0018,India-North,Angelica Parker,suspended,0.5306,CAMP-005
ACC-000516,2026-05-30,DEV-0022,Middle-East,Dr. Kelly Hammond DVM,suspended,0.6328,CAMP-006
ACC-000517,2024-06-22,DEV-0439,India-South,William Day,active,0.1492,
ACC-000518,2022-09-19,DEV-0440,India-West,Michael Cooper,active,0.0745,
ACC-000519,2024-05-31,DEV-0441,Europe-West,Penny Bowman,active,0.1277,
ACC-000520,2022-02-05,DEV-0442,India-North,Vincent Reynolds,active,0.0581,
ACC-000521,2022-01-17,DEV-0062,Europe-Central,Amy Martinez,banned,0.5226,CAMP-016
ACC-000522,2024-05-19,DEV-0443,Europe-West,Christopher Morris,active,0.1267,
ACC-000523,2024-09-13,DEV-0444,Europe-Central,Hannah Everett,active,0.1428,
ACC-000524,2026-05-06,DEV-0003,India-West,Sarah King,suspended,0.3979,CAMP-001
ACC-000525,2024-05-04,DEV-0445,US-East,Krista Martinez,active,0.1455,
ACC-000526,2026-05-14,DEV-0010,US-East,Joseph Shaw,suspended,0.4325,CAMP-003
ACC-000527,2026-05-23,DEV-0054,India-East,Todd Moore,banned,0.4859,CAMP-014
ACC-000528,2021-06-04,DEV-0446,Middle-East,Michelle Jacobs,active,0.045,
ACC-000529,2021-11-17,DEV-0447,India-North,Kristy Bryan,active,0.0515,
ACC-000530,2023-07-30,DEV-0448,Europe-West,Angel May,active,0.1025,
ACC-000531,2022-09-19,DEV-0449,India-West,Marilyn Wang,active,0.0745,
ACC-000532,2022-12-05,DEV-0450,Europe-Central,Mark Jimenez,active,0.0895,
ACC-000533,2022-03-28,DEV-0451,South-East-Asia,Donna Frye,active,0.0594,
ACC-000534,2021-10-08,DEV-0452,US-East,Dr. Michael Evans,active,0.0682,
ACC-000535,2022-04-03,DEV-0453,India-South,Anthony Gonzales,active,0.0785,
ACC-000536,2026-05-12,DEV-0007,US-West,Mr. Lawrence Edwards,suspended,0.3173,CAMP-002
ACC-000537,2025-04-06,DEV-0454,Europe-Central,Morgan Valencia,active,0.1597,
ACC-000538,2022-06-11,DEV-0455,India-South,Bianca Wood,active,0.0842,
ACC-000539,2026-04-06,DEV-0011,India-East,Emma Owens,suspended,0.5438,CAMP-003
ACC-000540,2025-02-25,DEV-0456,India-West,David Davis,active,0.1478,
ACC-000541,2026-05-25,DEV-0020,Middle-East,James Gilbert,suspended,0.5193,CAMP-006
ACC-000542,2026-05-12,DEV-0054,India-East,Sean Moore,banned,0.4223,CAMP-014
ACC-000543,2021-08-28,DEV-0457,India-East,Kenneth Edwards,active,0.0498,
ACC-000544,2025-06-06,DEV-0458,India-East,Kathleen Robertson,active,0.1632,
ACC-000545,2023-04-01,DEV-0459,Europe-West,Mr. Alexander Landry MD,active,0.1212,
ACC-000546,2023-10-31,DEV-0460,India-North,Cindy Gomez,active,0.1102,
ACC-000547,2026-06-01,DEV-0053,India-East,Johnny Khan,banned,0.3841,CAMP-014
ACC-000548,2024-03-04,DEV-0461,India-East,Julie Herrera,active,0.1255,
ACC-000549,2024-12-26,DEV-0462,India-South,Jessica Khan,active,0.1606,
ACC-000550,2021-11-04,DEV-0463,South-East-Asia,Pamela Diaz,active,0.0476,
ACC-000551,2025-03-04,DEV-0464,US-West,Kelly Lee,active,0.1512,
ACC-000552,2023-08-30,DEV-0465,India-North,Angel Gordon,active,0.1051,
ACC-000553,2024-09-27,DEV-0466,India-North,Diana Hays,active,0.1375,
ACC-000554,2026-04-16,DEV-0004,India-West,Barbara Hester,suspended,0.3956,CAMP-002
ACC-000555,2026-01-23,DEV-0031,US-East,Robert Morgan,banned,0.4499,CAMP-009
ACC-000556,2023-06-08,DEV-0467,Europe-West,Nicole Gonzalez,active,0.0982,
ACC-000557,2025-01-24,DEV-0468,India-West,Kathryn Williams,active,0.1452,
ACC-000558,2021-09-14,DEV-0066,Europe-Central,Gary Wells,banned,0.3133,CAMP-016
ACC-000559,2026-04-04,DEV-0012,India-North,Larry Robertson,suspended,0.4254,CAMP-004
ACC-000560,2023-02-18,DEV-0469,India-West,Louis Martin,active,0.0871,
ACC-000561,2024-10-16,DEV-0470,US-West,Nancy Evans MD,active,0.1398,
ACC-000562,2023-02-21,DEV-0471,India-West,Kim Erickson,active,0.0873,
ACC-000563,2022-02-27,DEV-0472,India-South,Robert Richardson,active,0.0756,
ACC-000564,2025-02-01,DEV-0473,India-South,Veronica Silva,active,0.1637,
ACC-000565,2026-05-28,DEV-0024,Middle-East,Molly Watts,suspended,0.5439,CAMP-006
ACC-000566,2026-05-30,DEV-0019,US-West,John Coffey,suspended,0.4889,CAMP-006
ACC-000567,2021-09-03,DEV-0474,India-North,Paula Lane,active,0.0453,
ACC-000568,2026-05-27,DEV-0059,Europe-West,Lauren Jackson,banned,0.3829,CAMP-015
ACC-000569,2021-10-24,DEV-0475,India-South,Lisa Randall,active,0.0653,
ACC-000570,2026-05-26,DEV-0028,US-East,Michael Johnson,suspended,0.3684,CAMP-007
ACC-000571,2023-07-24,DEV-0476,India-East,Ashley Smith,active,0.1356,
ACC-000572,2025-01-11,DEV-0477,India-South,Christian Vaughn,active,0.1619,
ACC-000573,2026-04-25,DEV-0003,India-West,Reginald Knapp,suspended,0.4017,CAMP-001
ACC-000574,2026-06-01,DEV-0054,India-East,Nancy Brown,banned,0.4193,CAMP-014
ACC-000575,2025-08-31,DEV-0478,India-South,Daniel Nguyen,active,0.181,
ACC-000576,2026-05-22,DEV-0023,Middle-East,Kelly Edwards,suspended,0.4603,CAMP-006
ACC-000577,2024-01-11,DEV-0479,South-East-Asia,Thomas Peterson,active,0.1133,
ACC-000578,2023-03-23,DEV-0480,US-West,Raymond Le,active,0.0926,
ACC-000579,2022-06-27,DEV-0481,India-North,Melissa Bishop,active,0.0698,
ACC-000580,2026-04-07,DEV-0017,India-East,David Grant,suspended,0.3191,CAMP-005
ACC-000581,2024-01-26,DEV-0482,US-East,William Evans,active,0.1373,
ACC-000582,2024-03-18,DEV-0044,India-South,Daniel Bush,banned,0.2692,CAMP-011
ACC-000583,2026-05-31,DEV-0028,India-South,Gregory Peck,suspended,0.4433,CAMP-007
ACC-000584,2025-10-28,DEV-0483,India-South,Denise Martinez,active,0.1858,
ACC-000585,2026-05-02,DEV-0041,Middle-East,Jamie Baird,banned,0.3306,CAMP-011
ACC-000586,2022-04-03,DEV-0484,Europe-Central,Tina Ballard,active,0.1092,
ACC-000587,2024-09-03,DEV-0485,Europe-Central,Dwayne Klein,active,0.1753,
ACC-000588,2023-04-10,DEV-0486,US-West,Jeremy Scott,active,0.0941,
ACC-000589,2024-09-05,DEV-0487,India-North,Dale Ryan,active,0.1357,
ACC-000590,2021-06-09,DEV-0488,US-East,Melissa Taylor,active,0.0583,
ACC-000591,2026-01-29,DEV-0042,Europe-Central,Laurie Sanchez,banned,0.4602,CAMP-011
ACC-000592,2024-11-14,DEV-0489,India-South,Kiara Little,active,0.1857,
ACC-000593,2024-11-08,DEV-0490,US-West,Jason Love,active,0.1417,
ACC-000594,2026-04-21,DEV-0012,Europe-Central,Randy Smith,suspended,0.3694,CAMP-004
ACC-000595,2025-03-03,DEV-0491,Europe-Central,Tanya Russell,active,0.1568,
ACC-000596,2023-11-28,DEV-0039,US-East,Sherry Woods,banned,0.2426,CAMP-010
ACC-000597,2025-03-16,DEV-0492,India-South,Victor Morris,active,0.1672,
ACC-000598,2024-02-13,DEV-0493,South-East-Asia,Susan Davis,active,0.116,
ACC-000599,2022-01-15,DEV-0494,India-West,Kimberly Sharp,active,0.0542,
ACC-000600,2026-05-23,DEV-0056,India-East,Susan Thompson,banned,0.3102,CAMP-014
